hack_license,total_idle_time
0023F3BF32C268EAFDF2C82CB3CECF8E,2194869
004B01C34C9C43A30A4D83C4DCCE7AF9,4003806
0078BA33E03313B58559834168E7495F,2181480
00A45E35F8C4E7B83F9CCF7877BBB137,336536
00CAB99F48AB017F9D490E171D0C67D8,4470540
00EA30489B89E83B45E005BB20CEFFD2,1597089
00FA6E207987662AE8FFD4A3D33DF5C1,287563
00FF16F6AC821D2000409A6F6EBF9736,1983233
010BDF76921D5A266B8F8AC7CDECE8F4,4307880
011EDCD6D636C9F1B0D9AD291AEECC37,1239780
01441A2AA4A58C70DDD2C565C26655DB,3206620
016D21C65CC580F482F40205AC3E3971,4208383
016DEE0857F61F39FB37F47765F007EF,4114020
017AB38EBB3E9677360B4C0A609071FF,846180
018A90E56670CA555B5BB07DBC420C43,4053491
01E50BFB9D7A5391DB9D366CD45130BA,6306690
02449554139E68DED258BC4FCE7547B0,5718409
027791294DBC65B23F153F6CF6E65265,943791
02809483B866FF8C80E2D5D64DDA1600,3909540
02853FC174CD6074655CC07B659B3494,2375760
034FD1FFCF32FD9D8571784FB6755C54,6230545
0354C6EA946156B2FB527861532CD738,2949154
03AA2C29CBB0575DC6444900D590BDFC,3534245
03AD3D54D61E6212A33C330C575A7AB6,5834280
04056A4AF680327F01DFEDE7147AA665,3419348
042C370CFB95342FCAB42E03F7593BAF,8272652
0445A68C5B84ECCF0EECA12C42B9EB95,2737144
04AA475091B28525329ECBE01B015FAE,100250
04BA5A682734C12B0B62268930C6CEEE,4891202
04F609FB4F46E922E2061F419D5E4572,1567452
0582729175E89B8D3DFF4B0F031A29EA,17059
05892E995582851949653A493E896E58,3939448
05DC7413AF46F363D5CB804C8877C902,4507140
068597B1AE273F847DC0B6A30CB7F1AB,150480
06C1CD819D540B2B5873A09271A5AFE7,2684640
079EBA6BAA38B2CF4912353C10F24C13,5523480
0876AD00A51A5FD712DF1D7EBFDF98E0,2740140
087CA444D08A3A01297B465F0970C777,4323660
0891492DFBF798C6ED58559E0CCD1FD2,4576020
092B78320C346E90F837C86AB80E11C8,3936240
09FC7E0F87975BBCA355F27038955F15,553785
0A4319D7BFC70CC4C0E339A58C468722,894564
0AAD3084B2A8BA1E0C101DA6B53F3B14,4837620
0AD4E678D08C3BF876391DFB0BDA793F,4542475
0B2BEA20A86B22710227BE8B88C11D8A,2235420
0B59AE1B2223D187B6F8E5DDD4425E20,2471400
0B6B1A2A89C77F3DB7C969E8BE0BB84C,3392643
0B8E6576DA8BB932C48450263768990A,15335
0D61304FB9E9E7CF6781EA04D1B1C30B,4646760
0DD3283E81DE2424DF3491598CC50517,4997520
0DF1F4D1379FD6D8D9267587AD0A1D33,736020
0E208CAA42110E1E4EB3867240F3DE91,894911
0E21FE82A35F3F6AEFAB630B40728012,5799098
0E49FDA0183BC296EFF1D45AE0AA283A,3823800
0E6230DA29F2D54A753D922D017D8C9F,2590560
0F713158986F20A0B2CFB2108FE307FE,3480180
0F8FBD60B2412B9E285BA717EC1A7804,2486852
0F909FCC8A377AC6ADAB67F34AC1C9DE,3837173
0F9A5699A00044B920809C2CDBB9DE2C,2703707
0FA039DE1721E7A2C22DC36A71262FB4,1182801
0FFD47BB1F78B0096F193F558D2764DC,2038200
101D54B7A8CA21CD7DBCD4A0A3A76B5C,5764260
103C7DC37323817EA57F81F8EB31D6DD,1735346
105CFD3F895863CD06C6CC0BB4F0BC7C,3853641
1081AA4A30264E290B0085F0C2D5BBFD,2909792
12EDC30539510C1D281719D2DE279C33,3510513
12EED5AC20F50C538A3C9F3270A63EFA,2875091
134C7724DED4E47471B04107B030A413,2377140
13E7F187642EFC95E4D46F1A69DCF4E3,6301080
1427ABF803EB49C6D814EE91CA9FC600,4527872
1437064EDFC2924C7E31213568A6D72E,21010
14B1CBE4CED41B15AC2EB18EAFABC35D,3625312
14D91266F8B980C352500F3B528AB557,5219793
14FBCDE3B2B286363DA27D39D630ECFE,5478180
1514A08127DC29C43D85DE588181F55F,4239270
158FB9A44FCD690F945E12310B10D5C5,1966511
15CCE7CBD3622BAF27EC00195BD7F56C,44820
15DD276CAF165F6A2D987699EDAB4ED3,263644
162764537C4A235D2CEAFA6E93D4A7D4,5849199
1659FF8E4DC20B6E1AECDDE3F7830E29,8134860
1679091C5A880FAF6FB5E6087EB1B2DC,26638
167DB183EF285A5E7019D85A9BE73CD6,2957486
16E700A5347A0678ECBB03A34E50411F,1099907
16EAA0DE5DFBCFAA40CA981AC3EFF617,2049480
16F73246552D8379E0DDB3561C421F20,4820760
16F862053F48A8364FAF5A107BBA7B7A,4382512
175445555BD44F159AA51DEA558F9901,3738227
176709B92F0BD825DE0CF6225AF6043C,2282580
177D02904C8A7812FE72C67B907326AB,5853900
17BCE4F62E29050EA7B276888215D6B3,4038247
18F54B87EACD9574E0F02509193E4B08,2422249
18F9A7A41564778A6F0941CE6F1990FF,2638980
191F9FA1FCB4C083E571CE62418037B7,3448354
193BEC74AA96C37DDD9CBA4FD281AF9B,558599
194EB4D4E0FC4B729E7CFAE0D0A4C1A2,3846360
19B321E3FB4132411D751ACAB92A52D2,725312
19D52C52FF434CFC9FF0683D9687A886,2584020
19E302B0D624A9AD8BB33F55F5713FF3,3727200
1A3DB40A652BC18B0939C1E0ACA3B249,6116761
1A7462AB04AD399BCC71660ED8FA834F,3671640
1AF4E538818CB37C09D21A09167FB3E6,3549540
1B5221996A31CFE0E0084791DE4A787A,3871320
1BB1BDE9F4C40D094DBA0FB2A3098ED7,3617814
1BDFD7CB87FD8AAEDDC01021E2C0AC6D,3399060
1BEFF41F734B6D1643A28713CC819007,4846313
1C03201B0D729E68C782B19CFF705ED5,5398359
1C4C3DB16CEC1D7FAABDB269490237A4,423979
1C6C5ACB433A3585C905909B82C36CDE,1753057
1CFBB5C622BA56097D6EDF6E03374BCD,3060420
1D8DCC85FCB86AC949F3D0606C64996B,4370940
1D9CF937C6BB3F1D81EBA0ED1F4284EC,999297
1DB81175EBE51C8A39FE7473849DE28F,5159880
1DD731A34FF82B43F3E7DEE29B39F402,1295203
1E05AEB1296D415D93FA1593F428CE7B,5297968
1E37E5E8A991E31B2BB03A489E6C0AF5,4743420
1E51F4D53F21B47BA899D5094BF4C701,1287534
1EA086FD0093CEB2484DAE4B54C3E5D0,6046080
1EE2190877601681FA8DD4786A7C8368,266400
1F10ED3475F91307803CA92A525CE92C,3030777
1F342D7639AB3FE7020620DE3297D2E0,3607813
1F3C956B9FC5D732A05ACB28982CF5F3,2499000
1F488C02BCD220459878C2C7C6C67D61,1305745
1FCE4DB59FAD4C4C99DAC913C19F3D95,4822949
2010BD609EB201F1236580E5007CCEF9,4911960
20119C5EB905838E6FBC7C13CA185297,4282320
20558EC4435688C67A76F05C1CB216D8,2858883
20A76FBF85436E6218C8E1D6FAA8BBAA,1748940
213779F7AA40E58009B3457E3FA7089D,4561196
2159E68640991E5A2013FACBD0E1C135,6249540
2160B3A1050EBC1D130316BE4AFD1A13,4143060
2189FF99D67CDFBC255C4FA00B817FA9,5664462
21CCA2C85614A7E5283CBE37F25B54F7,5374200
21F329870D049E7DB1B13B18A34B4552,4080840
22AB572F20F01E6327A35AD3CA73F9FD,4905821
22E88ED453697A839061BE01073321D2,2661827
23064F108CD65A22D15B5350A3D8802E,2658540
232366FC4B73FDEDBAC4929808F21DFD,6365838
23BC0079ED4B2D06E5D5332EF5DE1EC7,289335
23D79CED7A5DFDC0747CA2AC3B2C6352,3921006
23E4B443BE30C84CDF77D58BFE474AB0,3603360
240FA495B83DE924FBC3BD65BD062A80,3590160
248BC88DCA233A195B95A39AE5330F00,1750963
24FD8898AE899DB40F9107E1288AD1F6,22397
252206CE6C880EC23E482B1F89305100,3309174
2552994C7BE88201DE8618390C818C1D,421560
25A1495677B97C55FD3534A692121AE6,4443840
25B22705348BB4E166D5CED94C587ACB,1834680
25FC5742FD9B421D231F78507BEB6338,4348140
2678FDCC33D0E3F195B9C36E8A26DA30,4129620
267BFCD7DF57DA5835839082DD391353,2793571
26A73E94A18A7169894A4D242C49FABC,3578940
277183F1594D5C659D4AECD2B24064FD,467820
280C02A91EE04DB78243386435179F08,667325
28730B4EB955A1D6D200967B38026807,4082315
2897CE4CF34AB2D0513B11AACBCAC072,5091145
28C571AEB1E4E8E77E49B431FF226DE5,4301880
28E08C7CF7ACCACC1CFEDFC2A7A9EA09,1375439
291BDD86BE780206336093992473E2DB,1115700
29208BB436794A9BDE01A2D65C7587DE,2835625
29412121DD2E59F3D5F1B67C36C1C9D7,4016604
2994C8862F2484840750866ADEAFE2D6,5153220
29B6DF9F3B2D26FDFDBA334DB0343BF4,3883800
29BD5CD7C827D4B6D0AFD062157A1559,1438701
2AD11A329F6936D2E1B97155FAF51DC7,4874280
2AD2AD0134AE6BBD662F1425547796C9,1054364
2B02144C5BAC85D9AF16620B55189491,1949241
2B44BF3CE750044798BBA5BCBFCEB118,6413280
2B80619FD9C3A1B5B7E03C96BCC75582,4626600
2BA69B521905A45DAEEC07CDED3F4B50,2933488
2BC4E470F16E7531389E596FC87AA54B,3048293
2BE6E0E7B6A2251E82F0F17B1D7D9C2A,3040134
2BEDC0FB2B82894FEF2590D213315506,4346939
2C360DB07C0761F026F1915486A3663C,2989337
2C380A685CD5BD9A4591DAF435892F78,5477225
2C6888C4B07BA09C0876631D70C18EB0,1687907
2CC02DBA22516B9BB4EDCDFB232ABD18,1949940
2D2DCF92003AC2F7F4B4863E3A6CAFB2,75480
2D600889D0B65B9F784AD43FBC9DF19D,2985536
2DF82D92C500461C6E3C327FF514E2CA,2633
2E6BD8007186DB5858807C1DB3C74C68,5377731
2E85FB7599D86EACF804423BB8D62873,4767240
2EFD600704C05D9169A544A8953571DF,500508
2F35EB1B6836657EC7A06F972F7AB02F,80400
2F7B8BBAE94849CD030D0006916C0292,4336740
2F91D30A42200DFBF16FADB01F9150D5,4782607
2FDC075E5F222D80D39C3E804A3A95E1,1237500
303F79923DA5DA7A10DF15E2D91CDCF7,2488106
3083EE36DD6129B78D80AEA040CC0825,939480
30AD3B7D2D533976F9236E07CF885DC9,2262776
314466DCAC0F3733D83F950F39FBC0F2,5693430
3169E6383316F4D8BC241FB17EB6D750,2937995
3174FBFD86D480FBAB23EAD13A9A9EB3,3109680
31767C925963B3A01618E6767D022392,6368580
319C194AF5D177C5FBFADB7525E48774,2755680
31A1F192A01B30B2C6603E6F3F65B42C,2156952
31D907E763BA0643D87F981FF1F98F68,4692158
32352F905D2842E8DAA1BA45F70A7B9C,642498
327F246C279BADD9CF2F168C81A21156,2783308
32B127307A606EFFDCC8E51F60A45922,3101
32DE80E20F3CDE459484DA4B7196F9D7,3254520
32F2E35E459DE42F1B3FB112E895D179,560160
333DF4D22C9C186BDBD8291B4C230051,1307679
337B9103CE6C4D9DD1594979A6800FC1,595140
33818A5F3F590B847A0FE122EF3DEDB4,2475597
33A92C19E79FC2799EA0460F28FAEFC0,3766377
33F2C0A1D48C168F6BEA23D51A733FB9,4306112
33F6C36BE0DEDA506C2AC1245DC71B55,4512229
342374924B9BD34FD241FBB321CE6920,433070
346201B1E2191B3AE797F6EC0A84E919,2992711
34749C5E635FE265FA1F1AFFCFEA910F,7632
347D7D0974A34EED7895867450DAE343,857
353F5DF2B8370D334DD03EB8002FDECA,2316522
35580B23158428132D44E9154E5ACF13,4253762
3629EDC501F2200F8885C71A6AFBC4E1,4670160
36772EF78CB6DE5C80ABE78146D5EA28,551100
367A96AAE2AFAB96281C928AACD45B4C,2569050
36C95EB179FC8AF9DB00BC9B8055243A,4390740
37695DB59C670DF840B80A9631E0ED17,2803260
37F03E229F8E39A9876706234BF1AC96,4204500
38ACA7FA611B1D0A1D0AC78F0A67CF87,2610754
38EE8ACAF4B94E6FB821014806F80A37,999038
3901BA48DECFF9FC29FC1BAE790EF370,3817380
398C068F768D3623E091D8C4C9B2A54A,1978140
398F7136F5A0E8DC5A5006E58B5898A6,3281580
39B300E61214BB367173395A3C3FC12F,4310670
39F19BE5FE3059F7EBB3F19A28223DDE,3638317
3A281C5F3404ED549B645B11076EE25A,556106
3A2CCAF4AAE3DDF7AC3C47F31213F153,2987640
3A624C703C396BCDEA9C38D2C59B03B3,3701340
3A75732E8E48EBD9AAA83CD760C45E0E,2412955
3BFFCFFAB415256D39948AE2860B04FB,112380
3C59456A03C3C09C24A3AC4DBB305E11,2665969
3C5F28702492718DAC1DCEE146E9B0CD,4017540
3CAC7DF291D96EA9C6013BD13E9BE4BA,970980
3CE8B35F403003871B2F8120C3920705,3928140
3CEDE62951085EB694DB7EAD02321AF7,4410731
3D9CEF82C0C7F936F092A8965626D5D1,2595231
3E19750EC6EDD104D712114BA8F60269,1511243
3E36EA1728BEE0CE6DBAA4DDA0584A6C,2687908
3E70FA4E104F46CDD1397911FDB9BB7B,3833958
3E73AF92B0E207D40A47E0146B8BBBC7,3303895
3F1C7EC3C2094BBAA8A014C6D5482F61,5995260
3F2D05DE8D83086310958C09A7027E2A,4499393
3F3B80DB30847249B16FA68D392AF371,2752138
3F3C5857428EDDE28B62550B01C842FF,2683200
3F82EEDC6FCDE4F66397CEAB88A869EC,4336348
3FB6E5D29135FBE9147457B64ABC5CD0,3845776
3FB739B8CFE4432393A1603905129C58,3532265
4096FBFACF7B7654324C9F99D1465230,2209731
410421B08F73F5A5EED0C5457B6ED037,2600799
4166C84A762E5EFAC111093BFB204F1F,1939920
41947883A7D9EEE6B4B5D81B7130397D,4092805
41A30D9CD886A188D08E6CB4B38D1A01,155762
428A8FDE9E3589FF0F7E83138260C5F7,2880052
42A2FE7084CF206CC3960DFED527824A,2500860
42A5E0D9B6AC3B77CBF4166581F1B674,2755740
42E55551CD883F44961C24A4A437B17C,3618118
431A06711710902B71AF95CB5F577206,2776720
4367E76F56EC59865958B847DBC8856C,1998274
43A9F04D2A1E6354607C776C48139BCE,3982440
441D05B952AEE6998C0BF82060AF8D38,885968
448B8B911B7053901820257C6D98DC5A,6318857
44CED38841518B1FB5E25E3624610A38,5508407
45258200D472CEDDDC6792DA03B760A5,3785338
453A9EE25F54A9BAE94D6BB0E235AD63,1735080
454B00D29AEF50472E0BEC9904876DEC,2819661
457235C8C419EF6631F27F549A6E1A6D,1078837
45C48CCE2E2D7FBDEA1AFC51C7C6AD26,31407
45CA77AF6657DD00873820AD8AD14BFF,4173502
45E4253E52C4131A61570EBE5460F6FE,3609
461E98E97D2F731F0646B35622BAFD64,3167580
463149DEA8133A6FE8B5717508198FB9,4782480
464A4E80C1E40C60160FA93CBC8B57F1,5777700
467263912C0B5EE70EA1AD3F172A7FCD,11522
468A65BB6B58D39D8A9B4055C4E608B5,2068798
469C2ADD7939E430DD6B3230825E026D,2302721
46CA16E8B77FE2899F50347542068244,2753880
47962506737110D77B67725F699CE68C,120
47BD8FB907822F4B13879C302D4ED52C,1227300
48162C43B8190934ABAA1F43768CE02F,165751
482A12057E560DEAA1391C0E5F2BB6D7,174145
48773863E08456EE91BE748F7B4952B9,5696054
48A27C376F00A77B14F08ACBF61A6430,2131200
48AAC816C248C98A8C71BF0168A6C303,4539632
4913C6949AD5703266CB19327D79DF9F,3645921
49663D624BC87FD93E8208B8AC4AA47B,845204
49A3C43DC5FBE165CA04D3FF81132FFC,331148
49CE2808CB8988406AEF482F8EF80501,322380
49E6A483766FBE9D6D75DCFB49741C4A,3714018
4A3305C5456FE915E4CF0A3ABE54AD89,4225020
4A64D0A73A021D0E2E55B1D1B7125219,4352580
4AABE4BFCF23432BC3E9D2F913CC48DA,3732307
4AB6E46831C63C91DB19797BC27FF7C6,3349964
4AE8AC1978565F4843A17A1C401BFB6B,3099660
4BB3DAB93445949E8C1E780BE4F934CC,1967485
4C133554E0272B861C040D1F262C20D5,711361
4C31E36EDE39B190618ABC4427D244BD,898899
4D6A63FF1A3141BA4EC3C5DD207CB89D,3185907
4DE5AA5236E2E8B20976D2FB00FAAC44,1317438
4DF56BF8DAA8EA116FE1B488444A2179,2226060
4DF7C364F60BBBC3FE978C20BAAC0E1A,3531430
4DFD67BB8B5082A0C29FC358DBD7E587,147713
4ECEF4EDE19FF7BA1EAD063E9DF69A36,4535392
4EE6C8B5303D9B141DC4663B23E6238F,1914060
4F585E38046E5F32F467D3F1945F546F,3504360
4FDEFB7E822480A5702FE15CAF87A1A2,4822961
505791909B6A701ED4D7A8B6BAAEB128,4466895
5075550EB911C6A13F8B2A98046DC093,5149559
508AFB9196FD52EA19CA0BA80686E159,3826500
5099C34997E90F7278ADC0DAE34AC0B2,3952344
50B9A63D3A3E36C28842B9BDA076731D,2794982
50E45C7C10AA03EB61DA729615B32C4A,3674520
50F7DE9D90F9DAAC47A764E6EBC0B863,3940980
51363EA285A338F49561EC05186D578E,1695325
5151E641D3A5D655D8E803393F39537B,315840
5155712C01CB2ECAD84B352EE504FBFB,60854
517E1DF5C14F7C75EF1DEC39B6ECAF8A,3999900
5204EFDF4E7E52BBD85F655E7DA38FD5,2451151
524EA021CE3F75FC51BF3BF03573C66F,2056440
52F2DE81AE0613BDECA1139B090C1BFE,4685880
5354653DC9059F12D83FE2E772CED405,228308
5356BA5BA6A91E70E05B42664AF15F5F,3343680
53A317DA4AD6E445E9ACA13A5FA9B023,4184160
53BBF0B76FA527C0F4E75FFF30F3CAF6,82690
53BDE805B3C02F2C2DFB48CDD021ACC8,3275160
53E6700765827145E4577770EB5D81FE,4003077
54766537485061F4F99C284996046A35,2749380
54BB90D86E13744F25A09C01E993D3B3,3655800
54FAEE31804A256E0C856C0F3BE4CCAE,3798703
55CBED0919D5D12693E9997DBC464406,4125648
563335E70679AB8D696742C3FDB7A6EA,2412554
56A30ED494CDA6AD02C5B2F77A6CE80C,3036180
56A51E86701D0E8DF63A363065A3D465,5602500
56A69BF66BCD335F8D5A38A5F6F02144,2236779
56B3D4A55C62CFFECA7BCCD7E01413D7,6144462
56DA2C27D9FEA8FCF6E0BCDF9B0A95D8,3618540
57718D9F5084DEF9BBFF0FDA33B62A11,245894
5790C828FBC41084D9A92DFB5486755E,4403363
580884B01C03E88F06F1C315A450762D,4072739
58510BC6621259A3682975D98A6A7549,3164591
5877C4041D0D25F8D0FD2E1B6A717AFF,1080
58C0CFE925ACB6E7D8D236B14470A0E2,100426
58C30DBA0290483153CAAA832B3EDA82,1020
58E4924EE041D989AC9295FC146A001A,5453953
58F1488BCBB98AC855BD423D01EDA535,17389
590D50A56475647BF687B35198B859F3,1245704
595555D41D79C7322C0AB68059F8E7FE,4559100
598EE37216BB2E86112766AC0E151BBB,1099242
5A714F29A09E118561F8D771F2732491,4393980
5AA47B68A4301F83ED317E1969404F1C,4439640
5AAAD4EC355A8E12CA09F855D942E97F,21434
5AC95CB40E97A5B601C68A8E1C85A50D,1453592
5B7277C6BC35EF8C87047AB9EF25B4E1,129660
5B840227260501B1AEDD1720E3A4A91C,3094827
5BA4429BFE4CAF3D264284CF5E31E065,1971145
5BFF35C4F537BC0CD021D251718F3094,4341077
5C8EA7E7A3C69F25ECBB516879FDA69C,4184760
5CDC0AA77E75F123FEBC65E06AC625D3,5557560
5CE5F86B0C0BDD46065D6003B58E2A67,1691145
5DCA0F888046C8A5D0AECD16646716D8,6197231
5DE0D58C7E8D4B465DDA6198F33109DD,1137180
5DF0514703930F4688E30BCF32EB3460,4129267
5E10E86C01ED37A484DFC3B299E0FA00,4316035
5E9C44DC438580E5F1A83F5B3488E59B,3120501
5EAC980128D2BD09A40B6704D5A161A3,2108047
5EB306FB9AF73DB59BDD38F658827117,2455911
5EE411E88227808CC0F777344E1C548D,4747560
5EF83D75FE0DB97A85C36AB72046238D,2855880
5F18C262C656CCDE401E240C849DAE61,3140820
5F2AA968F0759BC34BEFF84FBAB81EED,3386193
5F4769604CF2A32C68F80FA3DC832536,2885313
5F534EBC58B2461EABF392C6D7AC50D9,3891120
5F8475A2E98642D67570A5419F5CE448,2905843
5FD7CE79A2B0CDDE12B54E86B961EE88,3709805
6077AD0C2DBF3E279DB6F969E4F32CA1,1312020
60FB9520D6A93163C8AB480DAF2F553A,1591561
60FD6455379D8A8766F11B70C591C52F,7781950
6158E55D09DE52F3150ADCB14F36EEE7,3265314
61D57C48C8235FC47C5FF08EDE62AA4C,2547171
62E1278A6A03C610FF5ECDFA91418510,3386280
6331D29B7367772D0F65E3ED9E7195FD,420
634DF8721F291E62F8949FBA669D6960,2352480
63793DA5F571181B0F9C152604ABF9FE,5018155
63D1DABFE9C85234179FBAEFA183CF7F,1188470
63D2988A2915F794149B2EE1B0D2C2CF,2504040
640AF5FC085751F873D156D9D3951528,3661680
641FD231E2EB0DEAFBEB98B844D9574D,2362437
64728CDF3F749BA0AB4805145BE1BF24,3731368
647D27ED6F928BA11E7B306ABAC1CD49,2176980
65003C87AC1D9276927A59FF4F53A7C3,385980
654936ED24F3C612DD89A62E45D57F38,123300
657E1509F8C5709C7657C744E6149A5C,4589075
663C90E67385D43BFFBED3E2F749595E,2883363
66420E97039CD4675134FB4378F5DEB4,3328900
66D5D8A8DDE219FBF244F59772031907,488460
66EC166496969C035D480C7A3F94CB82,3561390
671F5B6C3061613BDCEED2A169B8829E,2783071
67524470432C98017437527AD3AC6C62,4689712
67CD13F516025FF429953742962DCC63,970395
682B9310AE8CA2D9B1FCBDDDF2D7C48C,3362034
6837DE0DB3573E1D80162E51180C299C,3742440
6887BF7B20085B9466ED076D68DCEC44,3837825
689CB67F7B895122BEE3582C7964C066,268141
68A0324B1D7FD95439D46049E24328C1,4213247
694F4D7D4E4FCB1DFE90C5280470F8C0,1001956
6A35995FBD5399AB131B89623C344782,3809700
6A4494E79E5D3AA1C954C93C6FE68685,2293201
6B381595FF2409358F45833FACCEB791,218867
6B387003935A5EDAF0C329E22DA78F18,4190830
6B4D769F47D7D2B53B4948CBED3C32C8,34620
6B5796F0989671E92441EB5F2612D58F,2988640
6B756F8A0BFE303ACE6680D494B43E4B,1537942
6B98C61C416DD2DB4F026111C6A95559,1755343
6BA1CA75CB5F8FE3A3281D782AADAF53,4022306
6C275291E0009C3BBF41F0A5028E9FEA,3721260
6CA6710A883CF14A543CB2E0BA752DDF,5344860
6CE08AB3DD2DC0438F7DDD9078351C59,3330683
6D9F228A58AE7B07B1AC3CF772086750,4359892
6D9F60167CFD46FD152493AF8BAC504F,2934180
6E7A7D8F5271F198868F1EFF92245FA3,2197803
6EA45D27C1D9ECF72EF52BC981F4EF78,3085440
6EC90FD0F658D4D1385559A46058EF5F,2127933
6ED0B04EB22A2EB62BAEA7C9CFF73A30,3737190
6EF2B90A54957351A725E22F39D1659E,2885938
703755EB344961003F7AE7E28322DC82,897197
7061B3AB3521909C871F5C4319CDDFED,5524740
70930A2F74ADF7BF322CC137C7B9ECD0,3768360
70E3F844D4C382F7ADC0536E8BBEA73C,3248342
710F6998E5D397F383F84198EB319964,3027960
711825252C4729F4CC98922255DBDA4C,2915206
719C16B8D5A0E9C5B9A4086B18A31345,1326360
71C895BFBC950A3C8EB567143E48FBD0,3492558
71E561738DD243BAFEE414C617041B75,300
7200CC848176B2108A1E1B756D07DCA2,159208
723984BCDEFC1C46645A3C1808771E89,2538540
725AA369951733CDEB86C956BB5348C9,146400
728FEA36FC5AD6A388E4D02B9743DB97,1405484
72AD5DC63D5649A359400D275B8226B6,22061
72D930E183FA6073009FAD9C5A73F6B6,1660140
737D1457D73AB812863EECC8F6DAD5D6,3274200
7386C6CD3E23929ACABC466BE48F5D7A,4383180
73CECCE9B2ECB8A4E69CA912384567A9,3821940
744DCAA3B10F4509BB2A1AFF8B29D2CA,1346940
74A82620CD3104151814EED3C2C3B68C,427439
751E47BB3369A40917B2ABF256C169AD,4452453
755DA8141E6B446C48BFB5E06121BD6A,4660560
762EE042DAF72FAA2E14B8D2686499F3,3371308
76F0A97C9819DEB51B7A9CCD47806AA0,3361380
77273184ACFCFF78746303E6A9F0080E,3237240
773E8D01E363E229D52CECE6C890D9E1,80172
77FB4D850926A2F756DE6B9690A3D3B3,5553960
7838A48379E94F0DBB978E16C8580FB8,4075562
787E77E54B2E164C4DE86AF975BE65E5,4562820
788448B0E27BF2B462D2B03B26E5E805,5259125
78B5702232E8E482AC403EF2C16D0524,1832311
78DAC60B1D4E207B186887E98FF0218B,3673384
78E8BF148DEE5D6F51A2704988409A7E,2329694
797D983CD7CDA8CC064C2BBFC931147E,2351534
79BE50FC5F0275DE2537516330178983,3207180
79E13EB1791066C5DCD939829C0F4972,5974440
79EDAE8E455921501105C36CD3CAC7FA,2430588
79F8959FA91969F30C1E2F1AAD566803,566460
79FF19BE493A5F018572B56170F0517A,2968822
7A7817FC53764DA0F744BC0609BB5479,3338940
7A793BF3E4F747279BFF81965DFAC4EE,1478758
7AFFAC5AABE319E8F04A6D58A08D96EC,2727124
7B40D777B6374B8A01F610E081580629,4021560
7B7C7A10DEDBB68ED4E540E054E9191F,5006821
7B8BBD9A53F779605BB20F7D1D3EF225,3168308
7BA251D2A42A5D8004E6300CADA0C53F,28665
7BFA8943DE9A0F30B2E26A5172449BE1,4164624
7C261B5A73C076EF6EA2A3313BD52619,3583260
7C4252A43EEBFB2C72E52AA4C5E11CD0,3596601
7CA295EF309F1B7BE7FEB2ECF823C185,3335916
7CBA81346CABCF44B939597C7356923A,2362726
7D3E0619E93A5036B6FF139496329C7F,2122920
7D62D001893C3FB5CEE10894011166E5,1026534
7D8CBAF52A83D77A66905DF3D4EEE11A,6450960
7D918B1E78EA4AE750FEB56F1B549253,5425020
7DAFCBD4F03088064063F91ED318F641,3248700
7DB78BD40FA684F52EB70F80F9F57F75,2289920
7DD52E53725049055BB09893EFD8D8C5,4058760
7DFD77EA1E66759D5A71ACCD211FF3FB,2375580
7E446082C1E24AE133066C3422875351,6381117
7EE44B90825DBCF1C317E2C79DAF5EE3,144956
7EF2E6D624C8FB773507AEAAD2601C7C,4355732
7F3DB67C3F79531AFF0ECA557BE1EC6B,14740
7FAB2667CABF504006E205823B7B74EE,2475960
7FFBB809341DD3A58D72726C073E2EA6,2058720
8094E26244731976B970FA517B031511,3905820
814A9545347D2549D9F87D954AD10D5A,4202715
81D49FEE9B7C36B95A43F6C56A4C0EE8,3239340
8201B2AA994365F3E6534641CCD419D1,2765820
82158300029F87DB4A330CFEB0258AA1,2555233
827976DAAE4D6500C7C60927681B2947,274486
8360966DC8543766286E783F5FEB9968,3038664
8434E8A33D8C0150573FAA00B8A9ABF5,3408109
8445062CCD31EFC90200A785581A39D3,4462560
84AEDDC439837A20B09C8A90136BC02F,2678760
84E0415DE08E7FFEE7E39D07E3DCDDEC,106203
856397F5B1CCB5DA44DDBF0EF1F1DE2D,3363540
85CD7FBBCD942CEF0CBAB946D9141BC2,2716232
85E15B740555B2FA6320865CC92BB853,2285080
8628953FA38067657C7C7B9506E68BD9,1902825
86408E27D40CC71D4757E99A2580846B,3184560
866627CE2B9A2D7352CAADFEA1E1D8D8,2370708
86666728EBE581C8BDBC2919B57F6724,2789489
8678BB3812B7D3A27CC0F8DDFA676BD7,3599040
8695A154C9268572FCBCF8C26C072938,4002480
86F86442941CB09597EC481CC1B20EA1,120
86FBF3BC75135122A752A386E4A71271,2421936
87511560B98F6289718EAF3B42F060EE,4054428
87553A205DCE184B3606DE6D2431A90C,2470740
87A4EA2ACB2B961B22B29FE50A2F8143,3537840
87B5A4AC23359A4AD314F64EC67DD449,3931052
88086F7DF6ED024B3DD829F7B3CF7CC7,15420
880E07ECA7E4775BAAB3189F756CFDEC,5299723
88139BB3A52B4804D52A57022B187678,1631407
881BD341064701ECFDD7E353F33A7AC1,3871303
88BE2E0FF21B614B684F4F77724464F9,3244440
88CBBE4F4CE9894CCC79218CD1C719FB,4007478
894FAF34EB356D01A7C4C4A6949AA56D,2458027
89B5B10493104E7DC69BE2D6DACB5417,461820
89FF40911AC0715B63BC812E7BD3111D,3813279
8A33BDD69B76CA083B231A77DDFFB5D5,2208515
8AE2B40B5767BD1B9D6F3362B15D4AE3,1879310
8B13736047191967E1A4CFEED9932609,4991280
8B3E4D98138EA28E263D200B072213F4,4475220
8B68DE1137095FABC95184151CCAD8AA,3629069
8B8BB5999EEE8CE6955E2F3F299079EB,3478560
8B93A7BF0437DDEDC16596D43A77C293,3986160
8BAF0B49E5213E010109D31BDF591FD6,6408480
8BE7A98D49651EAFD919752FB0DA8965,3641220
8CB8369E93ABBB79066F5FCE2E18C1E6,3034680
8CBCC08CDF5CD950AB1783B2B6BFC5F3,3877800
8D3E901035257BC6AA1DC8A0C9D394FD,4066607
8D534C345C914E1EE5262A71459771BF,1978213
8E69470B5C9440D973BC18E734E54513,3491440
8E884AC26B7D58A3CE461D14D83DBAB6,2542018
8E8990775745E922245D5EF794B9D732,2621852
8ECBF6DA2E46FFE5F2EEA368A3B81739,3187260
8F0565FEAB1877D9D2991E64291CE85C,2215840
8F31126D015E37C90A15F167C8423AE7,3204900
903584617F35C5167322A8A41B5F318C,3517440
9058BDEFA986F88ECF9E9E53BE9D1C85,2979780
907232F03168A3B00392E0B5311123C6,2116107
9135A98E03130EEF2FA5817A19222A39,2210653
9219641FAC7612D426AAEEA5BDEF765C,5511240
921FFA9336FC5D019AEB3D10880C7A64,4514857
923F7DB16E1F81101C4C45A5918A2A2F,4355580
9252FC9815AFF6FAF1F0EFAC05291462,1439
92EF67D019B8E2160BCF05006663DC3B,1666722
92FC75552CE954B272EB93DAE3C9E2DB,3926533
93C04060BF2DD355E09EF548F256626C,2989240
948D402C3E272B0A3EE09B580A976170,1953180
94EA6AE5027B374CDBAE950364079E4F,5177220
95EA78362BDBD8561F3E9B53E50A0B26,5071380
960F13EED7E6E114C4E909A1B57A4D02,3245960
961785D87693FAB262E09933B0EDDD1A,3775705
963B138A063DB1BBF9CBE229E678E353,3999514
963F285F12C6DCCDE253A3868553ACD1,2212981
96C385327537C2BBE2BDE85112211EED,2583
97326808AE2823BFD502D08BE5F12F54,2175128
97C92249E70EA236EB9CB4CD31D507A0,1364597
98D2AFBE8614D21B5971D539237826B4,2196360
99F81C242940C4C9220BDE508CEA671D,2002610
9A581FFEF20E3AE999E60DDEA2A60C6E,6540
9A6714377A5FEE450EB0E5A4D108491F,1488600
9AC69453A7B2A657E159F503346FADD7,1440
9AD0940E32406221E11DA6A4AD9B5D01,106454
9B67EBE1BE41864AE0CE8664486FBCDC,3538435
9BF8B178ACA32C1D23D4C508FE6DBFF2,3260162
9C3DFF143A5E51CB4BC9C0CF2804D07C,1828266
9C4854C9A5AA2F6575B0F601456D9286,19560
9C6DC04A8EF506EEE9846CA7D4F02075,2408545
9C905915805F7E99FD822600D9DB0774,1975463
9CBEF44403AE112CED44FBE98400B00C,3457080
9D23B533B16ABF1F7F9729ADEC77A3E0,15960
9D3EF01E386FA4FBC332F1AE803FDE07,158286
9E3BA5E043D3437C5A949A09FFA24874,2924943
9E91C93B70457092A760BC583B55CA0C,4957860
9ED075A4F46CC0167223966C9DBF8132,1530716
9F200B1A31B9D06490AEDF7C66E3D9D7,70632
9F31F46CABD8F797D1E020701017CF90,3853020
9F9EF5D587991818DB9A53132620A4C1,1171080
9FB481CBCCEA0CE9042ED1B57F9DBF61,3101317
9FC193DC379994D2198793804E27DB26,4067606
9FE7A32A1A184ACAAA5DBE36C5CD4E52,69420
9FEBC076E724DC93F96F408C92742CA1,4561189
A0245D4BC42AE547BFBC835691FB1B9A,180
A045A805AB2E4571A5376DAF4B976696,5385909
A0C4AC8B5F8824A4C98411B1C52DC541,1913206
A143B2C918D25477605C0C48757BBC04,4623600
A184A9DDD5039C03E1FC1CA01CF81856,5722980
A25BE051A63586CBE82D0DA50F2BCDAB,4600652
A2DFE01C18E6FEBE41D65A7BB5E942C6,4225680
A31E427A057D4FA0CB3D7EB83C1A21DF,3974993
A39C4955A7F7B10AC4F27130DD752B19,2609460
A40155E00B0D5728EDB91EAB68C0A303,3871440
A4127248C571FFD2379164B54D7A2F3B,5841124
A461BA836CAB062AEAD335F71F06C3C9,811042
A490C713511901DBFD19792776C4E00A,1177156
A49AA601B00B79E8D1E919C22359788C,919508
A49DF469291B8C1368E21BD6E8465007,5453820
A4B4C4B8B714F9EC7AAB62E4AC9C817C,973920
A4BFC3310F42D84D45A375D5F3600629,186117
A4D5EE38C17AF1DE80370B8EA083207B,1245117
A53A4C0F52FE14ABB67B2C32DB9F5F22,70476
A5652D88DD77C2C4510CF35679C0D68E,3667320
A5B3FB34ED396345705261FA08C84A41,4214831
A5C5DC00E5C20FD39C1DA37E6C5F0513,4173745
A5F84ABAF1C3786A5F2B2FECC6DD2504,16738
A5F8E1F326F601287052CE862927EE0E,3081339
A605F82B4931ADB1420E6326F4905802,3546540
A62C9B54F125D062304355D6B0499620,1753877
A692C1C00519EBD1158DCBE3CEB5F416,3455160
A6A5B4C4BD67F89CF484BF35FF39B90E,3922860
A6C9906A320A446B8E1BEEF336899823,3459780
A792AE3B977EDCC2312A27F7B6FA7F3F,679395
A822BB88D530B1CAC5C60EE1CF2F8B2B,1157253
A8286CE34C7095E6F09BB7A4BA566F69,4216620
A830975C9452D122D37FCED073DAB996,4403049
A8323E0F579035AD50A80E653F7B7495,4686971
A843AF3CFAAAE5577BFF1886DCF8D99C,1908420
A85705293AA8741E69BC6024FEB02F4D,5263627
A8E4C07CF4AC84A7EDDBC0BBD175C3ED,2828435
A9485CDEEB4626DF6938D47A4A245686,2379360
A9635E188E67135676BB087E22F7619E,2331720
AA040786FE60349460A68DBCA19DBDD5,1665108
AA091848EFDF38313F3C4573D3FDAE11,5414667
AAA9857C52DE1C5B339DBC44D99BDC5B,3497292
AADD1DF5E3194B32DD353DB9B5FB7575,1857097
AAFFCA7FA7A0A7B161348DC1975D59E1,4112220
AB32F0C49DC0AF7A6603FF6851C30D5F,3555420
AB7B09031CB049D71A0096E0B7A85D72,1333913
ABDB83178058B0C40C900B93438D0222,2640780
ABE87B92FC5C6AEB0C142A381C206028,789195
AC3C6B2FA8D11D879D6874D315F8AE18,345180
ACA608743A39C05CACF0E20E73FEA420,3186180
ACAAE78C8CB47D50A9951EF1063A2077,3457320
ACF942120DADA68662073A91A0F88D4A,1415558
AD3BB3C71B411140027E2E8DDDF2FAF2,4847280
AD43E8CD4E17F1EF40821D44891416DA,3418667
AD7AA9FF9E602C4BFD756526DC368D81,2029456
ADCB50B59C6245538BE28AA2AEDE4FB6,4583915
AE30D3668D5E76CF4C24E2FF6432F17B,1927707
AEEB38ECF03751D7A11D442DD4DC4072,3142260
AF21D0C97DB2E27E13572CBF59EB343D,5501686
AF2BB9668A6EC060A745FD7ECF7206EC,3734760
AF686116E5C0FF84C3B905BF08CE67C5,1729639
AFA42797FC593367CCA8D3B818D5CB46,3467340
AFE8694042BE2F7214CDF76A10170553,33000
B0000FCEEA73BAFE7DA1A0DC27997F72,3979980
B06879574A13756F456D73E15883B4CD,355380
B0AE250ADBA7E68E589AD8A685A1E5C4,2337579
B0B8B4CF28D9760B41DC913CC8807D5F,4297800
B0D1B90135E25568B9265A7AA1A13AD2,2181060
B13F3208BFD95FD4FC6AFEDB086539A8,371842
B16188CF45E4C25115649ECADA43E8CA,6008579
B1B8500C9721CCD0EBBA504CA48CDB53,1753476
B203F68696EB2FB3FDDE6C6D1D8AE37E,2578317
B204EA5E792BBEFCB776B3C440414AA7,4151551
B205A2BE033CE411B7C3013EDAAFBC97,4694837
B211C15AAC479FF4A73D6CD014E710BD,879006
B217D01F6FC4A0E9F36E882AB41076EA,570365
B25482704C721C6E237DBF608689E0E2,3596096
B25C2F016C4F2733BBCB26AD3D49B6B9,2642460
B2E265670D6AE63EEBF1D77EA4A7E558,463094
B392D681BAD3F218A3461571BBBBB09D,36467
B416747196E5350382D55F87475601A9,1127400
B44B5908AAEFF10A97FA6443CDD6774A,252180
B4A8F084AB4A8FDDC916A44B767BF403,3381245
B5389BAF85E4000122F20AD009F7CE84,3256560
B57ADF63CB9551DBCC518BA70C0D075F,4088670
B628583218ADE74A9957243F20E0FF05,2125891
B77D27756C677F676E84377AE2472251,3846164
B7A991E58BA18B886A8CD1573E3C5566,3478020
B822D600DC011354F703F68F8F848681,4163432
B83104896E8258947748C5139E85836F,1071255
B88ECCE9BA76568283C5DB95B9E1C8B6,3533280
B8A24AA3228B35E48D7664C21B971680,5406060
B8A8E241DE0E5958133EBF253DAF94F5,3394045
B8F38DC58E978B4CE98E641061355D7F,1193220
B9086A0D79AA32786F4880D4D008C788,1314009
B927CEC2DAF6DD45F3C9A9DC00303667,2430860
B96DD5055833F709E73A69D6F00EC6D9,3410237
BA39681C30D9B974B66742F425C5A7E6,3919305
BAE0D9365763155573F9EE4D25953ADB,1141080
BAEEFF223182A530DB0F7AE9F935192D,1995324
BAFB03BE7DB1F8D52C6378CE04DAAA62,1694711
BB236E12CC76DF69BDC2248A46AC3BD9,3779014
BB9155A71088AB13FD1F937F6C689ACB,607622
BBA79B19A22742DD6F1E1FA1B914D512,5306129
BBAF8F1B1E5F7D2EBE15DB88210219CA,3668257
BC5059C5F7C183970633DC3331969E32,3625598
BCEB97B1D79435DBA5FE8D2030FF33A1,2021512
BD0730EC83B59CC3748D9DC5D684E714,4458900
BD132E9886145EFA55BD559E5B13CAEC,2406780
BD18603FDF2A548B8489CE2C60625D23,2398938
BD5526B6E5FAB49448B3F664525DC436,3808320
BDAE1F0FC0AFB1083852E1758548FC19,3178558
BDBC2847365DBEF502D87C3E0977EEA2,432952
BDC880DDE60A6A31D4EA6BB6303A2E07,7356305
BDEF847C831614F520760E34C282EE19,4252539
BE51E9F0EA71FEC981F02F6ACCC79CB3,2616955
BE63D5FBE96A94BD1936A2FD81965733,453420
BE9A3D9EF4D0D190346B41DF1C9730E0,2187630
BEB3CBA0617FE17CB8993E16BA7C785B,3872695
BED898A71B26EE01C6DDA86DE35EA2EB,4633096
BF8FAAC02B56D0C7CA83A0BC7F8305AF,3839322
BFA64F083E1F7246A1AD72FC9CBBD4EC,2252163
BFB5AACDB66FD622971FF877BB19092E,2324426
BFDCFC86374C31A12052B8B4C4BE5706,7620
BFF0420B7A8B9B4FC27A9D683300742E,2092440
BFF56758FC49ADF529ABDC767930DA8B,19715
C043FD3153D32E446BD700F7211E32B3,4319799
C0A6D83EAF84CDA9BAFE84E12B15FC10,3038913
C0FD867623D45455CAD6761B8CBE813D,1412837
C11143286343D5E68799055E3DFD6B1B,3591732
C1610CE0B9650DD37C09BBF256C807CC,6503567
C1640E51FBC8E93D541776446D330689,540
C17D220B6963C4885688EBF8AF31B0AA,2743963
C1A90BD220D321890D6B5C73871FB3AD,4226400
C1E9304323C07C26ADDBC4ABDCF6D860,3854943
C22344750E44219B51358BAE8FE3D43A,2817240
C2C19146502A25DD1CF5E69A4CEFEAE3,2778120
C2C5EFDCC3E1860BF2872F5D15205BF8,4591277
C2E5B2492CC3E580A740186DD80DDBC9,3243000
C327A6EC61598A526737EFD3286BCFBF,7037862
C33FC21D5D1F143FD4259BE5939773ED,4940958
C3EF653146AA5B0D12A1672DDE07D1F9,2372530
C457A3A09C45838A4D6A13FFA401B7BF,4965871
C4ED37CF52F4238D03C5C1418ED63C5B,3326340
C52B0ABB73E935E04574721EC6E81C1B,113901
C544C0BC3F26B9E109F639124ECD2B40,4324118
C58AF20903F165A77E465FD111333F6A,8176
C5BFBA778C0FEA57966099710E424822,3448140
C5EB6CCBD69073679A60A9F9FC2229E5,3006903
C5F9BE62CC79BB4CC69827E4875D6789,5613295
C62974C0F495F7B26DE6157485D0A5B1,4142274
C6EFF54EE0B3BE4681E594730C8566EF,3473412
C723DE0616087540157E3CFE297BE5DB,2627040
C73DA4DE023CB3FDA75BA77F3C30597F,2250720
C7963D33A7CA5D01EEE7994E05D59C70,3032689
C81D63CAB6F8BD3481F7A81A7A688601,237929
C845C15E80911242408C29042167F1DD,3648707
C853A57C55766C38562B7620A4D571A9,2062458
C869694CA362FEF3729D2F5F70669299,2195646
C898129DD4BD6F617CFF39839F5AB969,3465660
C8A9581D1EAFE16D20C7B59F737E18D4,3297488
C8BF793D9F26A6FDFE79DF49068F3068,3618720
C96EAB1853E1C157816E9340AC098922,562020
C97D0728715CADF53E52841AE89805F4,4128194
C9F75D0D5272E4E7E32B36D676F7B694,3822562
CA2B64380053F2D71616FEBE6F1B821B,1274700
CA94ACDEB993CBB0E708F5849E89BE53,5438369
CB29FCD6790A338DF0111251E8C6275C,1428540
CBC8D8EEAD8B8F1C822BF21E4967181F,7014840
CCB75EA5F3D3929A1F25DC37866B4135,5431655
CCF9030A04B7DBEDC13D9F6EEFC33971,2976727
CD3EB5406567AE72DE6E37322313D6FB,329054
CD86A0E16F882E90527B8E9C4521D435,1835539
CDFDA32C6349398FB1FB7E3C8B39D591,2323560
CE1E9AAEECB66EDB1A5740BD6CEC6FB4,907440
CE5336C04B2CB4CAD73DED59D0B4E230,152573
CE6DB275A091A47F6EEC339434ADC252,11424
CEAD6CA225D19B51B11DAE212A60C775,223781
CEAFCA773D729474F8101578163218BA,3138397
CECB11BE6CBB7CB5CFE1EE6F6AF08179,4651159
CEF14A6E0DD3EB6524D3486F6A51269D,3975000
CF2A099B4332362CC0F2B7BA22D6E941,4647300
CF448AEB2BED7FCA4CF223F64778465C,2812053
CF5C5A1E7BDCB9BBD951F6F07427E821,198405
D021B2EBCE9692E4B50D99C1742249AC,3918738
D047ADF5875661BFA8CF6B9832477424,3638769
D0626B4EF37543B0157317572E7AB578,1675853
D07245358BB83ACA49B2A59F7AFD9A0B,2686910
D1306BA055F8EE991071EC061510FE08,1833643
D136C0F99A3C345EF63B419C3DB8A670,1889940
D17AE85840015BA6D5DDB2C1C022DE9F,1898961
D18B410212DEC9CF03503BD078DC5C11,84840
D20494F944C0E82427FDF4039BD46496,3044460
D35BF6D84E703F2A72B403A4E2CDC4AE,4840740
D45EDE844238E823427A20710339D53D,2239948
D4666A0DB2457E4729DA2F3481285DDE,2427773
D486CEF2E17E5CFCE5676788D2F1A239,3521440
D53D038FF57F6FDE8155D52CB29842CD,7955160
D53FE155E562AF6AF9D201A70496F343,3087300
D557BA440B842DD4E76A201A74D17061,2580300
D5604049AAA43A7278F320389F8465ED,4050720
D57156A3865F2CC8A27881C740E98C7D,40320
D5CE79E8789D9B58F2BEE5832F8F198F,5228404
D62897A7C74BAFCBEA721C8B031FF2C7,3646710
D67089AF571B21124143971A9A2AEFDF,3425671
D70D270E0B192D2162CCFB6164C89C36,5975817
D72C8ED9A2C2A006AAFBF929D6112B27,38067
D7770D1E7438E4C52F1419940DF6FD1B,4712880
D7AB78B0086B276F55C544044151F90A,4745160
D7C4F6DD8EEA4FB4852B3294B20BC091,2400960
D7EB211F3913CB83AF665A9EEF012153,4542332
D81F8705AAC13D38238D289600958022,3194127
D845F71FDA46B72A489E4BD52331DDB4,38196
D86DFC73B858DA5ED763E1345D08BC4F,4229528
D89BC15D0D47DBE45B2616EF2C719354,2888220
D936A8DF771598F87341DE2945A7F21E,4140
D986329C95AA58C6152D3919FA8092E2,2391378
D99D198395EC876497BBE06F1A26E954,3097740
D9C725BBA4E913FA55CBD2A5EF56BF75,1362571
D9EA1940C82F71FA0AE424BC1EFCE4DB,2763168
DA1D7CE5D2275F355A4AB79AD815471A,840
DA344C22B62ABA5CCA02D5C6E18B7CEE,1632857
DAADEDE36E19D1EF63846665E3835D29,2713800
DB7E0A6A2E2B156F1926A43A22F08F6B,331140
DBBD6716B7300CC399133243581839D2,5780692
DC95C1DEAC27ECB360CED26EE3C58BB4,1403580
DCBB3722304412450A50EC0D5C577EE5,2230260
DD7BEDC494A9D884C470944160A7A4AF,3713280
DDECA3D7E100685B09008BE3F24C23FF,4671060
DE4088ECC193B119D73CECA3453745A4,5281440
DEAE5B5E06252892221ECD0377C38AF1,995385
DECF40C2CA77A823D8472A0850624935,2795700
DEDACA163B32AB5217A1A7CE0ACB3CF1,3672937
DEF77D27DAD5B20544477BCC68B5CEB7,1631184
DF4E14CEC8F4AA9FCA3AE2C883B48B5E,3661299
DF7FD5522768C9A2DBEB8F9A458995F2,16097
E00F751C2B0FA836A59865BB72F9D126,2455620
E06CB08CCB4C8D36AABD2BA53C33A693,523076
E07E808121AC41996F522E10814AF058,3865380
E0AD65DB32066BADA480492890A4998E,3275397
E0D7AD59CB00FB293E858BCED26CD901,3565909
E142D4C7AE551F73265A5B57C72007E2,26451
E18CB64896AB8EDB304313B2688AFF07,332242
E1BD9E5538CA8B73A202D8D1C33E88BE,1776
E1D03495AA747019FD1F31D9394C28BF,2269620
E1E2DD8B97AB23CC6737E4422B765064,3660622
E2140A2D6A06045E1F2AE4329B231080,1837549
E2455047770A5A4DC6882518198CA107,5201603
E248DF5F36FDD4713C5180A594D7DDCC,879508
E278572093E37DDD53B306AA3076A086,215065
E2944B05ECEC065A1A57318FA8F6A807,2986931
E2EA29731D73542FA8033D6C6F5B8FD4,1065300
E335854D01745486D3A63FFD1126F86F,4519505
E344F9A21C0E729E528CD92365817C8F,4031971
E365B3F2F0D3ECC7A2ADE6F60FAC270C,1133900
E3C0CA75BCCFCE631B044F5D3412828C,4746683
E4443907997394BA12463C54CBAE4BC9,4390063
E66764F2489B76DC54CC7328F0CF0144,1032660
E67831B4F30A88806F48296969F2D023,4095960
E6A11053236F5855167C9D521AA8B36D,1097507
E797C72C891D9599B28511B9ADB3057D,2011260
E7C978547F8551B49D79D5DFD781D877,910430
E804928CBD4A64D3A26E9FB121F2BF60,4842002
E8117771D8CEFF1D6E73507265CBA958,2478352
E828DABCA313AD4EF69484A6AA386AC5,3807060
E82BFE2C414EDE7AE27DD1A1D7FDA46F,4109640
E83CF5602E758C54939A82467A3FCE75,1958329
E878ED9515101CB5C08BE164F5431237,536411
E89022AA97D62BC67CE79D1DA286FAA1,3963869
E89ABAD7D02B32D3F675E89F3357BDDA,2112660
E89C1B7C9248D378F34B25706409270C,1208820
E8A4BFD3C578DC31120E2FF7C94BA7FF,4508160
E8A873ACF24B429B26059912C67322F6,4292224
E8AF34B7FC7BC65594F70F08E28753A0,3526670
E8B19426ED501B3408EE29D794A3DB9E,1570554
E8C03FECD7C6D12B95267F99E35B9C40,3127670
E8E017BDB18F47AFE2F93AFFF7B89D21,2126726
E904C8EFB28F425716B9F026C871D7A5,4316372
E9429115348CBEF07A2F99560E1E361E,1691579
E97291EBE337BF36B098F2C8D67FB95E,21960
EA293E1A8A1CB1ECA9A532FF9DB95F47,1591620
EA51A298BAF712BBF18D56ED940D5882,912745
EAA277124227F8D5A78D14652D63F26D,2326780
EAC33DA6FB1BE3838FE2B18F20ED496B,70140
EADDFD0751FD8A8F32023F5A01BFB120,4462980
EB4A4863AB683849ECB36B9B90DA76A6,3717259
EBC7429C554262D5D526779B299F2B8A,467220
EC35D26CEE8BBC5FAD8653358C7C194E,3999557
EC7561F0C1594CA752336FA5E8974FA6,2428140
ECC96C7DA288E12C72DD1A6A6961F705,4361714
ED25B8F1207B1C6CC2AF5A897CD72127,2334000
ED2984B93132EB75B6D6B1E15DD66894,1760927
ED57BB723A58FFF10DCA8AC08AC1B103,2675060
ED771CE574CB2B39AF4B7FFD8979B8CC,1935360
EE050583ECED3556201DA391A009FAB0,3670299
EE39B285845704BBE0CEC25F14773B8E,392464
EE79C26823011718D8F6DDC4C1F404F2,4493182
EFAD4980247EB28BB2D1019D9528B21E,2475224
EFB316ECE83D7247CAB04365E2B8A518,3584405
EFEDEB0551AA8916DE8F1997F0DE3647,3679080
EFFA3AEAD2D1910345FE58A8DE4B9C9B,4362900
F011646379403EA8BB9D260B61DE5D4F,2626560
F0128808C3C470A194A0418670C21775,3166217
F03E884FF00FEBD8061785B772D0D13D,13118
F054CC340F6F7793D92889ADD9FB5393,4535716
F08A609ACAEEF05D866CF0F94A3CD19D,4724400
F1347D8603604EAD6979B5C348B59A71,5712360
F15F91314B12390EC10E1C1826A7433E,2866588
F1A4033515C0BA740AE8FBDBAE33D796,5156092
F27A1228FE4D0FCCE70F229EF11B1059,734040
F2CA23E0A2D0F72D0281A23467F4F2EA,3054128
F32B5E77426F3017CCC6FADAE32BDD7C,4138955
F3313E7100D73674164E52AFBFFDD32E,3859587
F3FD5314F062E42DA6D720CE36280C56,2347560
F40C8EC56530C32C65F5D762D157F667,2302021
F432D2B635E40D854BBA0EE5ADC4242E,2948230
F4C96DEDECF8615F76999CDCF1F238D0,2735363
F516A0FD0F2DA979483CF72CA701BA97,563935
F525BE4427732D16ED6FE20CADA146F4,3316570
F53B26859F6C46C24E39EEAEE8096268,3791384
F5809F31FCD54769414A3E1F3CA05083,3545520
F6012188F4FF9151F462B964ADD04CBB,3032040
F6066CC7EA27A30393B917B2ADB6928D,3996155
F6221366C0C89AD0878A62A2F3BC099B,5039460
F625D607852A373FD586BF7906080B36,557880
F6547EECFB18F69960BE24992D2961EE,3942743
F6A7927D489CFBD5B9F5E0564E478810,2261520
F70EADEFE51F30CC0C3C087D451EB909,5508840
F70EE35CFB135FAF46C2EEC8ED9D9F17,249071
F7177163C833DFF4B38FC8D2872F1EC6,17131
F7299385AADB0C60DF07149C3239B7C7,4830000
F75DFE14CEED8344E1BC84DA7C7B2186,4013940
F791015328A4A5F1E0EA0E485BBAA3FF,917510
F791DD9BD892FA18FFED03D9A5AD2D9B,3272948
F7D8A5940FCB5635DDD5C5F40DBA58F1,3578640
F81EBC0D7805F6AF3E7C57038C951D4B,5583000
F846CFD48F9C1C91D9FE5C229355E989,4231272
F86F969F57E81DDA839A214FB6BC854A,2222000
F89C5BE5488FD996ADC39DB957D4B5CB,1925640
F908936F282FB395E1533DE98A7435EA,3799860
F9263D3DE760F5DE0EF3B952ADE6D996,2462774
F93373EC8954C1677F33506E439E2331,3694
F9717F99F7C11C5FC9AA0CFF5A9DA134,3565997
FA0670B2A7F8E9B5A1E6BC055658414B,1154218
FA096FFFED0418CDC3A355BA0B98E157,3442961
FA232B96BDFE1CA817E6F064CCBA4E2E,4128180
FA620E08E54652AB2F88A567E8E09998,3699253
FA70352B6222A4A4E1A70DFA4887E9C3,3853920
FA9AC04B71FF30DAED5225AEFB33D92C,862492
FAE2FD805D22389F4F07B29FA1BEEC5E,1057125
FB329B653373DCFD37C52A72A06C74E0,463756
FB4AAB3D2D95BACAE220C17C2FA33A6F,4574063
FB5C18116CBF874D51620888AA9E429B,3259288
FCF5B47B84EC9AE17BBF8498D4AC1BA2,3649800
FD1CEF2DFA90840094EA57C06EE8224F,4497985
FDBA4501B090D8AC77707978A04CE6A4,4936237
FDCCB875BC202DA6D5BD759A4A5384ED,5182329
FE23B48418C3CE8B22A0D821C85D6A31,3783720
FE2C2F2844ED2B26D3FF5F737CEC4984,3387882
FEAF9F0D8BD84ED9495D8C6F4E566756,4210072
FEB6E99AD391F1B3C5A9B2248A412127,765264
FEBD94FEBFF5C8E0FFB88A48F01AC5B7,2926700
FF302A7A9DD0B97C8D21BE809C9C20CD,50100
FF3BA46F6D35B818C5027F8F048E0905,2580
FF5EB9D7CAD9501347190D307909D89D,4649519
FF6A562B938EC2E2C0EA1490250A9188,985937
FF9DC6E43F8066129ECF613D5F59E212,3911522
